random_id,motivacion,conectado,sexojefe,edadjefe,jefesabeleer,jefesabeescribir,pdiasfueaescuela
1,0 Hogar no motivado,0 Hogar no conectado,1 = Male,37,1 = Yes,1 = Yes,
3,1 Hogar en grupo motivacion,1 Hogar conectado,1 = Male,45,0 = No,0 = No,57.14286
5,0 Hogar no motivado,0 Hogar no conectado,1 = Male,50,1 = Yes,1 = Yes,85.714287
7,1 Hogar en grupo motivacion,1 Hogar conectado,1 = Male,54,1 = Yes,1 = Yes,85.714287
8,0 Hogar no motivado,0 Hogar no conectado,2 = Female,66,0 = No,0 = No,
9,0 Hogar no motivado,0 Hogar no conectado,1 = Male,80,1 = Yes,1 = Yes,
10,1 Hogar en grupo motivacion,1 Hogar conectado,1 = Male,29,1 = Yes,1 = Yes,
11,0 Hogar no motivado,1 Hogar conectado,1 = Male,52,1 = Yes,1 = Yes,71.428574
12,1 Hogar en grupo motivacion,1 Hogar conectado,1 = Male,66,0 = No,0 = No,
14,0 Hogar no motivado,0 Hogar no conectado,1 = Male,42,1 = Yes,1 = Yes,42.857143
15,1 Hogar en grupo motivacion,1 Hogar conectado,1 = Male,43,1 = Yes,1 = Yes,
16,1 Hogar en grupo motivacion,1 Hogar conectado,1 = Male,25,1 = Yes,1 = Yes,
18,0 Hogar no motivado,0 Hogar no conectado,1 = Male,26,1 = Yes,1 = Yes,
21,1 Hogar en grupo motivacion,1 Hogar conectado,1 = Male,51,1 = Yes,1 = Yes,71.428574
22,0 Hogar no motivado,0 Hogar no conectado,2 = Female,,0 = No,0 = No,
23,1 Hogar en grupo motivacion,0 Hogar no conectado,1 = Male,52,1 = Yes,1 = Yes,
24,1 Hogar en grupo motivacion,1 Hogar conectado,1 = Male,69,0 = No,0 = No,
25,1 Hogar en grupo motivacion,0 Hogar no conectado,1 = Male,49,0 = No,0 = No,
26,1 Hogar en grupo motivacion,1 Hogar conectado,1 = Male,45,1 = Yes,1 = Yes,57.14286
27,1 Hogar en grupo motivacion,0 Hogar no conectado,1 = Male,40,1 = Yes,1 = Yes,14.285715
28,0 Hogar no motivado,0 Hogar no conectado,1 = Male,90,0 = No,0 = No,42.857143
29,1 Hogar en grupo motivacion,0 Hogar no conectado,1 = Male,56,1 = Yes,1 = Yes,71.428574
30,1 Hogar en grupo motivacion,1 Hogar conectado,1 = Male,78,0 = No,0 = No,
31,1 Hogar en grupo motivacion,1 Hogar conectado,1 = Male,57,1 = Yes,1 = Yes,71.428574
33,1 Hogar en grupo motivacion,1 Hogar conectado,1 = Male,24,1 = Yes,1 = Yes,57.14286
34,0 Hogar no motivado,0 Hogar no conectado,2 = Female,60,0 = No,0 = No,
35,0 Hogar no motivado,0 Hogar no conectado,2 = Female,53,1 = Yes,1 = Yes,
36,1 Hogar en grupo motivacion,0 Hogar no conectado,1 = Male,,0 = No,0 = No,
37,0 Hogar no motivado,0 Hogar no conectado,2 = Female,42,0 = No,0 = No,
38,0 Hogar no motivado,1 Hogar conectado,1 = Male,43,1 = Yes,1 = Yes,71.428574
40,1 Hogar en grupo motivacion,1 Hogar conectado,1 = Male,47,1 = Yes,1 = Yes,14.285715
41,1 Hogar en grupo motivacion,1 Hogar conectado,2 = Female,87,0 = No,0 = No,71.428574
42,1 Hogar en grupo motivacion,0 Hogar no conectado,2 = Female,68,0 = No,0 = No,
43,0 Hogar no motivado,0 Hogar no conectado,2 = Female,43,1 = Yes,1 = Yes,
45,1 Hogar en grupo motivacion,0 Hogar no conectado,1 = Male,38,1 = Yes,1 = Yes,
46,1 Hogar en grupo motivacion,0 Hogar no conectado,1 = Male,41,1 = Yes,1 = Yes,
47,1 Hogar en grupo motivacion,0 Hogar no conectado,1 = Male,51,0 = No,0 = No,
49,1 Hogar en grupo motivacion,1 Hogar conectado,2 = Female,38,1 = Yes,1 = Yes,14.285715
51,1 Hogar en grupo motivacion,1 Hogar conectado,2 = Female,56,1 = Yes,1 = Yes,
52,1 Hogar en grupo motivacion,0 Hogar no conectado,2 = Female,80,0 = No,0 = No,
53,0 Hogar no motivado,0 Hogar no conectado,1 = Male,55,1 = Yes,1 = Yes,
54,0 Hogar no motivado,0 Hogar no conectado,1 = Male,57,1 = Yes,1 = Yes,
55,0 Hogar no motivado,1 Hogar conectado,1 = Male,28,1 = Yes,1 = Yes,
56,0 Hogar no motivado,0 Hogar no conectado,1 = Male,58,1 = Yes,1 = Yes,28.57143
58,1 Hogar en grupo motivacion,1 Hogar conectado,1 = Male,41,1 = Yes,1 = Yes,
59,1 Hogar en grupo motivacion,1 Hogar conectado,1 = Male,41,1 = Yes,1 = Yes,71.428574
60,0 Hogar no motivado,0 Hogar no conectado,1 = Male,71,1 = Yes,1 = Yes,
62,1 Hogar en grupo motivacion,1 Hogar conectado,2 = Female,70,0 = No,0 = No,
63,0 Hogar no motivado,0 Hogar no conectado,1 = Male,56,0 = No,0 = No,
65,1 Hogar en grupo motivacion,1 Hogar conectado,1 = Male,70,1 = Yes,1 = Yes,
66,1 Hogar en grupo motivacion,0 Hogar no conectado,1 = Male,39,0 = No,0 = No,71.428574
67,1 Hogar en grupo motivacion,0 Hogar no conectado,1 = Male,35,1 = Yes,1 = Yes,
68,0 Hogar no motivado,0 Hogar no conectado,1 = Male,47,1 = Yes,1 = Yes,
69,1 Hogar en grupo motivacion,1 Hogar conectado,1 = Male,60,1 = Yes,1 = Yes,
70,1 Hogar en grupo motivacion,1 Hogar conectado,1 = Male,48,1 = Yes,1 = Yes,71.428574
71,1 Hogar en grupo motivacion,1 Hogar conectado,1 = Male,40,,,
72,1 Hogar en grupo motivacion,1 Hogar conectado,2 = Female,75,0 = No,0 = No,
74,0 Hogar no motivado,0 Hogar no conectado,1 = Male,57,1 = Yes,1 = Yes,
76,0 Hogar no motivado,0 Hogar no conectado,1 = Male,52,1 = Yes,1 = Yes,71.428574
77,1 Hogar en grupo motivacion,1 Hogar conectado,1 = Male,63,1 = Yes,1 = Yes,
79,0 Hogar no motivado,0 Hogar no conectado,1 = Male,87,0 = No,0 = No,
80,1 Hogar en grupo motivacion,1 Hogar conectado,2 = Female,55,0 = No,0 = No,
81,1 Hogar en grupo motivacion,1 Hogar conectado,1 = Male,42,1 = Yes,1 = Yes,42.857143
82,1 Hogar en grupo motivacion,1 Hogar conectado,1 = Male,50,1 = Yes,1 = Yes,
83,1 Hogar en grupo motivacion,1 Hogar conectado,1 = Male,42,0 = No,0 = No,42.857143
84,0 Hogar no motivado,0 Hogar no conectado,1 = Male,48,1 = Yes,1 = Yes,
85,0 Hogar no motivado,0 Hogar no conectado,1 = Male,26,1 = Yes,1 = Yes,
86,0 Hogar no motivado,0 Hogar no conectado,1 = Male,41,1 = Yes,1 = Yes,85.714287
87,1 Hogar en grupo motivacion,1 Hogar conectado,1 = Male,55,0 = No,0 = No,57.14286
88,1 Hogar en grupo motivacion,0 Hogar no conectado,1 = Male,45,0 = No,0 = No,
89,1 Hogar en grupo motivacion,1 Hogar conectado,1 = Male,36,1 = Yes,1 = Yes,57.14286
90,0 Hogar no motivado,0 Hogar no conectado,2 = Female,41,0 = No,0 = No,42.857143
91,0 Hogar no motivado,0 Hogar no conectado,2 = Female,,0 = No,0 = No,
92,0 Hogar no motivado,0 Hogar no conectado,1 = Male,48,1 = Yes,1 = Yes,42.857143
93,0 Hogar no motivado,0 Hogar no conectado,1 = Male,51,1 = Yes,1 = Yes,
94,0 Hogar no motivado,0 Hogar no conectado,1 = Male,58,1 = Yes,1 = Yes,85.714287
95,0 Hogar no motivado,0 Hogar no conectado,1 = Male,74,1 = Yes,1 = Yes,
96,1 Hogar en grupo motivacion,1 Hogar conectado,1 = Male,51,0 = No,0 = No,71.428574
99,0 Hogar no motivado,0 Hogar no conectado,1 = Male,40,1 = Yes,1 = Yes,
100,1 Hogar en grupo motivacion,1 Hogar conectado,1 = Male,68,1 = Yes,1 = Yes,
101,0 Hogar no motivado,0 Hogar no conectado,1 = Male,74,1 = Yes,1 = Yes,
103,0 Hogar no motivado,0 Hogar no conectado,1 = Male,60,1 = Yes,1 = Yes,14.285715
104,0 Hogar no motivado,0 Hogar no conectado,1 = Male,49,1 = Yes,1 = Yes,
105,1 Hogar en grupo motivacion,1 Hogar conectado,1 = Male,54,0 = No,0 = No,
106,0 Hogar no motivado,0 Hogar no conectado,2 = Female,46,0 = No,0 = No,
107,1 Hogar en grupo motivacion,0 Hogar no conectado,2 = Female,,1 = Yes,1 = Yes,
108,1 Hogar en grupo motivacion,1 Hogar conectado,1 = Male,45,1 = Yes,1 = Yes,57.14286
112,1 Hogar en grupo motivacion,1 Hogar conectado,1 = Male,58,0 = No,0 = No,
114,1 Hogar en grupo motivacion,1 Hogar conectado,1 = Male,30,1 = Yes,1 = Yes,
115,1 Hogar en grupo motivacion,0 Hogar no conectado,1 = Male,60,0 = No,0 = No,
116,0 Hogar no motivado,1 Hogar conectado,1 = Male,45,1 = Yes,1 = Yes,71.428574
117,0 Hogar no motivado,1 Hogar conectado,1 = Male,37,0 = No,0 = No,14.285715
119,0 Hogar no motivado,0 Hogar no conectado,1 = Male,46,1 = Yes,1 = Yes,85.714287
120,0 Hogar no motivado,0 Hogar no conectado,1 = Male,40,1 = Yes,1 = Yes,
122,1 Hogar en grupo motivacion,0 Hogar no conectado,2 = Female,56,0 = No,0 = No,
123,0 Hogar no motivado,0 Hogar no conectado,2 = Female,50,0 = No,0 = No,
124,1 Hogar en grupo motivacion,0 Hogar no conectado,1 = Male,64,0 = No,0 = No,
125,0 Hogar no motivado,0 Hogar no conectado,2 = Female,48,1 = Yes,1 = Yes,
126,1 Hogar en grupo motivacion,1 Hogar conectado,1 = Male,43,1 = Yes,1 = Yes,
127,1 Hogar en grupo motivacion,0 Hogar no conectado,1 = Male,37,0 = No,0 = No,57.14286
130,0 Hogar no motivado,1 Hogar conectado,1 = Male,68,0 = No,0 = No,
131,0 Hogar no motivado,0 Hogar no conectado,1 = Male,53,1 = Yes,1 = Yes,
132,0 Hogar no motivado,0 Hogar no conectado,1 = Male,39,1 = Yes,1 = Yes,85.714287
133,1 Hogar en grupo motivacion,1 Hogar conectado,1 = Male,28,1 = Yes,1 = Yes,
134,1 Hogar en grupo motivacion,1 Hogar conectado,1 = Male,37,1 = Yes,1 = Yes,28.57143
135,1 Hogar en grupo motivacion,1 Hogar conectado,2 = Female,39,0 = No,0 = No,71.428574
136,1 Hogar en grupo motivacion,1 Hogar conectado,1 = Male,71,0 = No,0 = No,
137,1 Hogar en grupo motivacion,0 Hogar no conectado,1 = Male,28,1 = Yes,1 = Yes,
138,1 Hogar en grupo motivacion,0 Hogar no conectado,1 = Male,43,1 = Yes,1 = Yes,57.14286
139,1 Hogar en grupo motivacion,1 Hogar conectado,1 = Male,39,1 = Yes,1 = Yes,
141,1 Hogar en grupo motivacion,1 Hogar conectado,1 = Male,51,0 = No,0 = No,28.57143
142,1 Hogar en grupo motivacion,1 Hogar conectado,1 = Male,71,1 = Yes,1 = Yes,
143,0 Hogar no motivado,0 Hogar no conectado,2 = Female,39,1 = Yes,1 = Yes,
146,0 Hogar no motivado,1 Hogar conectado,2 = Female,48,0 = No,0 = No,
147,1 Hogar en grupo motivacion,1 Hogar conectado,1 = Male,45,1 = Yes,1 = Yes,71.428574
148,1 Hogar en grupo motivacion,0 Hogar no conectado,1 = Male,25,1 = Yes,1 = Yes,
149,1 Hogar en grupo motivacion,1 Hogar conectado,1 = Male,43,1 = Yes,1 = Yes,57.14286
150,1 Hogar en grupo motivacion,1 Hogar conectado,2 = Female,41,0 = No,0 = No,85.714287
151,0 Hogar no motivado,0 Hogar no conectado,1 = Male,35,0 = No,0 = No,
152,0 Hogar no motivado,0 Hogar no conectado,1 = Male,41,1 = Yes,1 = Yes,85.714287
153,0 Hogar no motivado,0 Hogar no conectado,1 = Male,54,0 = No,0 = No,
156,0 Hogar no motivado,0 Hogar no conectado,1 = Male,41,1 = Yes,1 = Yes,85.714287
157,1 Hogar en grupo motivacion,0 Hogar no conectado,2 = Female,41,0 = No,0 = No,
159,1 Hogar en grupo motivacion,1 Hogar conectado,1 = Male,42,1 = Yes,1 = Yes,71.428574
160,0 Hogar no motivado,0 Hogar no conectado,1 = Male,40,1 = Yes,1 = Yes,42.857143
161,0 Hogar no motivado,0 Hogar no conectado,1 = Male,80,1 = Yes,1 = Yes,
162,1 Hogar en grupo motivacion,0 Hogar no conectado,1 = Male,36,1 = Yes,1 = Yes,
163,0 Hogar no motivado,0 Hogar no conectado,1 = Male,28,0 = No,0 = No,
164,0 Hogar no motivado,0 Hogar no conectado,1 = Male,35,1 = Yes,1 = Yes,
165,0 Hogar no motivado,0 Hogar no conectado,1 = Male,65,0 = No,0 = No,
169,0 Hogar no motivado,0 Hogar no conectado,1 = Male,63,1 = Yes,1 = Yes,
170,1 Hogar en grupo motivacion,0 Hogar no conectado,1 = Male,55,0 = No,0 = No,
171,1 Hogar en grupo motivacion,1 Hogar conectado,1 = Male,56,1 = Yes,1 = Yes,0
173,1 Hogar en grupo motivacion,1 Hogar conectado,1 = Male,51,1 = Yes,1 = Yes,
174,1 Hogar en grupo motivacion,1 Hogar conectado,1 = Male,53,0 = No,0 = No,42.857143
175,1 Hogar en grupo motivacion,0 Hogar no conectado,2 = Female,82,0 = No,0 = No,
177,1 Hogar en grupo motivacion,0 Hogar no conectado,1 = Male,53,1 = Yes,1 = Yes,
178,1 Hogar en grupo motivacion,1 Hogar conectado,1 = Male,52,1 = Yes,1 = Yes,71.428574
179,1 Hogar en grupo motivacion,0 Hogar no conectado,1 = Male,32,1 = Yes,1 = Yes,
181,1 Hogar en grupo motivacion,1 Hogar conectado,1 = Male,53,1 = Yes,1 = Yes,
182,1 Hogar en grupo motivacion,1 Hogar conectado,2 = Female,55,,,57.14286
183,0 Hogar no motivado,0 Hogar no conectado,1 = Male,55,1 = Yes,1 = Yes,14.285715
186,1 Hogar en grupo motivacion,1 Hogar conectado,1 = Male,66,1 = Yes,1 = Yes,
189,1 Hogar en grupo motivacion,1 Hogar conectado,1 = Male,28,0 = No,0 = No,
191,1 Hogar en grupo motivacion,1 Hogar conectado,1 = Male,25,1 = Yes,1 = Yes,
193,1 Hogar en grupo motivacion,0 Hogar no conectado,1 = Male,45,1 = Yes,1 = Yes,
195,0 Hogar no motivado,0 Hogar no conectado,1 = Male,46,1 = Yes,1 = Yes,71.428574
196,0 Hogar no motivado,0 Hogar no conectado,1 = Male,46,0 = No,0 = No,
197,1 Hogar en grupo motivacion,0 Hogar no conectado,2 = Female,73,0 = No,0 = No,
198,1 Hogar en grupo motivacion,1 Hogar conectado,2 = Female,21,1 = Yes,1 = Yes,14.285715
202,0 Hogar no motivado,0 Hogar no conectado,1 = Male,68,0 = No,0 = No,
203,1 Hogar en grupo motivacion,1 Hogar conectado,1 = Male,48,1 = Yes,1 = Yes,71.428574
204,0 Hogar no motivado,0 Hogar no conectado,1 = Male,55,1 = Yes,1 = Yes,85.714287
206,0 Hogar no motivado,0 Hogar no conectado,1 = Male,65,1 = Yes,1 = Yes,42.857143
207,1 Hogar en grupo motivacion,0 Hogar no conectado,2 = Female,71,0 = No,0 = No,
208,0 Hogar no motivado,0 Hogar no conectado,2 = Female,51,0 = No,0 = No,
209,1 Hogar en grupo motivacion,0 Hogar no conectado,2 = Female,70,0 = No,0 = No,
211,1 Hogar en grupo motivacion,1 Hogar conectado,1 = Male,40,0 = No,0 = No,71.428574
212,1 Hogar en grupo motivacion,0 Hogar no conectado,1 = Male,50,0 = No,0 = No,57.14286
213,1 Hogar en grupo motivacion,1 Hogar conectado,1 = Male,58,1 = Yes,1 = Yes,
215,1 Hogar en grupo motivacion,1 Hogar conectado,1 = Male,41,1 = Yes,1 = Yes,71.428574
216,1 Hogar en grupo motivacion,1 Hogar conectado,1 = Male,60,1 = Yes,1 = Yes,
217,0 Hogar no motivado,0 Hogar no conectado,1 = Male,51,1 = Yes,1 = Yes,
218,1 Hogar en grupo motivacion,1 Hogar conectado,1 = Male,51,0 = No,0 = No,85.714287
220,1 Hogar en grupo motivacion,1 Hogar conectado,2 = Female,61,0 = No,0 = No,
221,0 Hogar no motivado,0 Hogar no conectado,1 = Male,52,1 = Yes,1 = Yes,85.714287
222,1 Hogar en grupo motivacion,1 Hogar conectado,1 = Male,57,1 = Yes,1 = Yes,85.714287
223,0 Hogar no motivado,0 Hogar no conectado,1 = Male,70,,,
224,1 Hogar en grupo motivacion,1 Hogar conectado,1 = Male,41,1 = Yes,1 = Yes,14.285715
226,0 Hogar no motivado,0 Hogar no conectado,1 = Male,54,0 = No,0 = No,
227,1 Hogar en grupo motivacion,1 Hogar conectado,2 = Female,55,0 = No,0 = No,
228,0 Hogar no motivado,1 Hogar conectado,2 = Female,60,0 = No,0 = No,
229,0 Hogar no motivado,0 Hogar no conectado,1 = Male,67,1 = Yes,1 = Yes,14.285715
230,0 Hogar no motivado,0 Hogar no conectado,1 = Male,28,1 = Yes,1 = Yes,
231,1 Hogar en grupo motivacion,0 Hogar no conectado,1 = Male,33,1 = Yes,1 = Yes,
232,0 Hogar no motivado,0 Hogar no conectado,1 = Male,48,1 = Yes,1 = Yes,85.714287
233,1 Hogar en grupo motivacion,1 Hogar conectado,1 = Male,55,1 = Yes,1 = Yes,57.14286
234,0 Hogar no motivado,0 Hogar no conectado,2 = Female,59,0 = No,0 = No,42.857143
235,0 Hogar no motivado,0 Hogar no conectado,1 = Male,46,0 = No,0 = No,85.714287
236,1 Hogar en grupo motivacion,0 Hogar no conectado,1 = Male,42,0 = No,0 = No,
237,1 Hogar en grupo motivacion,1 Hogar conectado,1 = Male,36,1 = Yes,1 = Yes,14.285715
239,0 Hogar no motivado,0 Hogar no conectado,1 = Male,38,1 = Yes,1 = Yes,
240,1 Hogar en grupo motivacion,1 Hogar conectado,1 = Male,49,1 = Yes,1 = Yes,
241,0 Hogar no motivado,0 Hogar no conectado,1 = Male,47,1 = Yes,1 = Yes,28.57143
242,0 Hogar no motivado,0 Hogar no conectado,1 = Male,28,1 = Yes,1 = Yes,0
243,1 Hogar en grupo motivacion,0 Hogar no conectado,1 = Male,55,1 = Yes,1 = Yes,
244,0 Hogar no motivado,0 Hogar no conectado,1 = Male,39,1 = Yes,1 = Yes,
245,1 Hogar en grupo motivacion,1 Hogar conectado,1 = Male,51,1 = Yes,1 = Yes,
246,0 Hogar no motivado,0 Hogar no conectado,1 = Male,50,1 = Yes,1 = Yes,14.285715
247,0 Hogar no motivado,0 Hogar no conectado,1 = Male,65,1 = Yes,1 = Yes,
249,1 Hogar en grupo motivacion,1 Hogar conectado,1 = Male,46,1 = Yes,1 = Yes,85.714287
250,0 Hogar no motivado,1 Hogar conectado,2 = Female,23,1 = Yes,1 = Yes,85.714287
253,1 Hogar en grupo motivacion,0 Hogar no conectado,2 = Female,58,0 = No,0 = No,
255,0 Hogar no motivado,0 Hogar no conectado,2 = Female,58,0 = No,0 = No,
256,0 Hogar no motivado,0 Hogar no conectado,1 = Male,49,1 = Yes,1 = Yes,
257,1 Hogar en grupo motivacion,1 Hogar conectado,1 = Male,41,0 = No,0 = No,28.57143
259,0 Hogar no motivado,0 Hogar no conectado,1 = Male,56,1 = Yes,1 = Yes,71.428574
261,1 Hogar en grupo motivacion,1 Hogar conectado,1 = Male,48,0 = No,0 = No,71.428574
262,0 Hogar no motivado,0 Hogar no conectado,2 = Female,61,0 = No,0 = No,
263,0 Hogar no motivado,0 Hogar no conectado,2 = Female,56,0 = No,0 = No,
264,0 Hogar no motivado,0 Hogar no conectado,2 = Female,64,0 = No,0 = No,
265,0 Hogar no motivado,0 Hogar no conectado,1 = Male,,0 = No,0 = No,
267,1 Hogar en grupo motivacion,1 Hogar conectado,1 = Male,43,0 = No,0 = No,
268,1 Hogar en grupo motivacion,1 Hogar conectado,1 = Male,53,1 = Yes,1 = Yes,14.285715
269,0 Hogar no motivado,0 Hogar no conectado,1 = Male,39,1 = Yes,1 = Yes,
270,0 Hogar no motivado,1 Hogar conectado,1 = Male,51,1 = Yes,1 = Yes,57.14286
271,1 Hogar en grupo motivacion,1 Hogar conectado,1 = Male,61,1 = Yes,1 = Yes,85.714287
272,0 Hogar no motivado,0 Hogar no conectado,1 = Male,41,1 = Yes,1 = Yes,85.714287
273,0 Hogar no motivado,0 Hogar no conectado,1 = Male,38,1 = Yes,1 = Yes,
274,1 Hogar en grupo motivacion,0 Hogar no conectado,1 = Male,48,1 = Yes,1 = Yes,
275,0 Hogar no motivado,0 Hogar no conectado,2 = Female,115,,,
276,0 Hogar no motivado,0 Hogar no conectado,1 = Male,64,0 = No,0 = No,
277,0 Hogar no motivado,0 Hogar no conectado,1 = Male,51,1 = Yes,1 = Yes,85.714287
279,0 Hogar no motivado,0 Hogar no conectado,1 = Male,46,1 = Yes,1 = Yes,
281,0 Hogar no motivado,0 Hogar no conectado,1 = Male,40,0 = No,0 = No,71.428574
282,1 Hogar en grupo motivacion,1 Hogar conectado,1 = Male,45,0 = No,0 = No,71.428574
283,0 Hogar no motivado,0 Hogar no conectado,1 = Male,51,1 = Yes,1 = Yes,71.428574
284,1 Hogar en grupo motivacion,1 Hogar conectado,1 = Male,70,1 = Yes,1 = Yes,
285,0 Hogar no motivado,0 Hogar no conectado,1 = Male,48,1 = Yes,1 = Yes,85.714287
286,1 Hogar en grupo motivacion,0 Hogar no conectado,1 = Male,35,1 = Yes,1 = Yes,
288,0 Hogar no motivado,0 Hogar no conectado,2 = Female,58,0 = No,0 = No,
289,0 Hogar no motivado,0 Hogar no conectado,1 = Male,83,1 = Yes,0 = No,
292,1 Hogar en grupo motivacion,1 Hogar conectado,1 = Male,54,0 = No,0 = No,
293,0 Hogar no motivado,0 Hogar no conectado,1 = Male,42,1 = Yes,0 = No,57.14286
294,1 Hogar en grupo motivacion,1 Hogar conectado,1 = Male,39,0 = No,0 = No,
295,0 Hogar no motivado,0 Hogar no conectado,1 = Male,46,1 = Yes,1 = Yes,85.714287
297,0 Hogar no motivado,0 Hogar no conectado,1 = Male,40,0 = No,0 = No,42.857143
298,0 Hogar no motivado,0 Hogar no conectado,1 = Male,61,0 = No,0 = No,
299,0 Hogar no motivado,0 Hogar no conectado,1 = Male,41,0 = No,0 = No,57.14286
300,0 Hogar no motivado,0 Hogar no conectado,2 = Female,61,0 = No,0 = No,85.714287
304,0 Hogar no motivado,0 Hogar no conectado,1 = Male,75,0 = No,0 = No,
305,1 Hogar en grupo motivacion,1 Hogar conectado,2 = Female,51,0 = No,0 = No,
306,0 Hogar no motivado,0 Hogar no conectado,2 = Female,41,0 = No,0 = No,
307,1 Hogar en grupo motivacion,1 Hogar conectado,1 = Male,31,0 = No,0 = No,
309,0 Hogar no motivado,0 Hogar no conectado,1 = Male,31,1 = Yes,1 = Yes,71.428574
310,0 Hogar no motivado,0 Hogar no conectado,1 = Male,44,1 = Yes,1 = Yes,85.714287
311,1 Hogar en grupo motivacion,0 Hogar no conectado,1 = Male,41,1 = Yes,1 = Yes,71.428574
312,1 Hogar en grupo motivacion,1 Hogar conectado,2 = Female,46,0 = No,0 = No,
313,1 Hogar en grupo motivacion,1 Hogar conectado,1 = Male,64,0 = No,0 = No,
314,1 Hogar en grupo motivacion,1 Hogar conectado,1 = Male,65,1 = Yes,1 = Yes,
315,0 Hogar no motivado,0 Hogar no conectado,1 = Male,51,1 = Yes,1 = Yes,
317,1 Hogar en grupo motivacion,1 Hogar conectado,1 = Male,58,0 = No,0 = No,
318,1 Hogar en grupo motivacion,1 Hogar conectado,1 = Male,55,1 = Yes,1 = Yes,57.14286
319,0 Hogar no motivado,0 Hogar no conectado,2 = Female,48,1 = Yes,1 = Yes,42.857143
320,0 Hogar no motivado,0 Hogar no conectado,1 = Male,48,1 = Yes,1 = Yes,
322,1 Hogar en grupo motivacion,1 Hogar conectado,1 = Male,28,0 = No,0 = No,85.714287
323,0 Hogar no motivado,0 Hogar no conectado,2 = Female,76,0 = No,0 = No,
324,1 Hogar en grupo motivacion,1 Hogar conectado,2 = Female,52,1 = Yes,1 = Yes,
325,0 Hogar no motivado,0 Hogar no conectado,1 = Male,50,1 = Yes,1 = Yes,
326,1 Hogar en grupo motivacion,0 Hogar no conectado,2 = Female,80,0 = No,0 = No,
327,1 Hogar en grupo motivacion,1 Hogar conectado,1 = Male,41,1 = Yes,1 = Yes,85.714287
328,0 Hogar no motivado,0 Hogar no conectado,1 = Male,36,1 = Yes,1 = Yes,71.428574
331,1 Hogar en grupo motivacion,0 Hogar no conectado,1 = Male,64,1 = Yes,1 = Yes,85.714287
333,1 Hogar en grupo motivacion,0 Hogar no conectado,2 = Female,,0 = No,0 = No,
334,0 Hogar no motivado,0 Hogar no conectado,1 = Male,38,0 = No,0 = No,
335,0 Hogar no motivado,0 Hogar no conectado,2 = Female,41,0 = No,0 = No,71.428574
336,0 Hogar no motivado,1 Hogar conectado,1 = Male,41,0 = No,0 = No,28.57143
337,1 Hogar en grupo motivacion,1 Hogar conectado,1 = Male,56,1 = Yes,1 = Yes,
338,1 Hogar en grupo motivacion,1 Hogar conectado,1 = Male,40,1 = Yes,1 = Yes,57.14286
339,0 Hogar no motivado,0 Hogar no conectado,2 = Female,35,0 = No,0 = No,71.428574
341,0 Hogar no motivado,0 Hogar no conectado,2 = Female,66,0 = No,0 = No,
343,1 Hogar en grupo motivacion,1 Hogar conectado,2 = Female,71,1 = Yes,1 = Yes,
344,0 Hogar no motivado,0 Hogar no conectado,2 = Female,71,0 = No,0 = No,
346,1 Hogar en grupo motivacion,0 Hogar no conectado,1 = Male,51,1 = Yes,1 = Yes,
348,0 Hogar no motivado,0 Hogar no conectado,1 = Male,44,1 = Yes,1 = Yes,42.857143
349,1 Hogar en grupo motivacion,0 Hogar no conectado,1 = Male,39,1 = Yes,1 = Yes,85.714287
350,1 Hogar en grupo motivacion,1 Hogar conectado,2 = Female,81,0 = No,0 = No,
351,1 Hogar en grupo motivacion,0 Hogar no conectado,2 = Female,32,0 = No,0 = No,
352,1 Hogar en grupo motivacion,0 Hogar no conectado,1 = Male,75,1 = Yes,1 = Yes,
353,0 Hogar no motivado,1 Hogar conectado,1 = Male,38,0 = No,0 = No,
356,1 Hogar en grupo motivacion,1 Hogar conectado,1 = Male,32,1 = Yes,1 = Yes,
357,1 Hogar en grupo motivacion,1 Hogar conectado,1 = Male,34,1 = Yes,1 = Yes,
358,1 Hogar en grupo motivacion,1 Hogar conectado,1 = Male,42,0 = No,0 = No,
359,1 Hogar en grupo motivacion,1 Hogar conectado,2 = Female,61,0 = No,0 = No,
360,1 Hogar en grupo motivacion,0 Hogar no conectado,1 = Male,53,1 = Yes,1 = Yes,
361,1 Hogar en grupo motivacion,1 Hogar conectado,1 = Male,38,1 = Yes,1 = Yes,
362,0 Hogar no motivado,0 Hogar no conectado,2 = Female,60,0 = No,0 = No,
363,1 Hogar en grupo motivacion,1 Hogar conectado,1 = Male,39,0 = No,0 = No,0
365,1 Hogar en grupo motivacion,0 Hogar no conectado,1 = Male,40,1 = Yes,1 = Yes,71.428574
366,1 Hogar en grupo motivacion,1 Hogar conectado,1 = Male,45,1 = Yes,1 = Yes,
367,0 Hogar no motivado,0 Hogar no conectado,1 = Male,46,1 = Yes,1 = Yes,71.428574
368,0 Hogar no motivado,0 Hogar no conectado,1 = Male,45,0 = No,0 = No,
370,0 Hogar no motivado,0 Hogar no conectado,1 = Male,50,0 = No,0 = No,57.14286
371,1 Hogar en grupo motivacion,0 Hogar no conectado,1 = Male,35,1 = Yes,1 = Yes,
372,1 Hogar en grupo motivacion,1 Hogar conectado,1 = Male,51,1 = Yes,1 = Yes,71.428574
373,0 Hogar no motivado,1 Hogar conectado,1 = Male,46,1 = Yes,1 = Yes,
375,1 Hogar en grupo motivacion,1 Hogar conectado,1 = Male,35,1 = Yes,1 = Yes,71.428574
376,0 Hogar no motivado,0 Hogar no conectado,1 = Male,43,0 = No,0 = No,85.714287
378,0 Hogar no motivado,0 Hogar no conectado,1 = Male,71,0 = No,0 = No,
379,0 Hogar no motivado,0 Hogar no conectado,2 = Female,68,0 = No,0 = No,
380,1 Hogar en grupo motivacion,0 Hogar no conectado,1 = Male,58,1 = Yes,1 = Yes,
381,0 Hogar no motivado,0 Hogar no conectado,2 = Female,97,0 = No,0 = No,
382,1 Hogar en grupo motivacion,0 Hogar no conectado,1 = Male,41,1 = Yes,1 = Yes,
383,0 Hogar no motivado,0 Hogar no conectado,1 = Male,64,1 = Yes,1 = Yes,
386,1 Hogar en grupo motivacion,1 Hogar conectado,1 = Male,56,1 = Yes,1 = Yes,
387,1 Hogar en grupo motivacion,0 Hogar no conectado,2 = Female,60,0 = No,0 = No,
390,1 Hogar en grupo motivacion,1 Hogar conectado,1 = Male,44,1 = Yes,1 = Yes,57.14286
391,1 Hogar en grupo motivacion,1 Hogar conectado,1 = Male,57,1 = Yes,1 = Yes,57.14286
392,1 Hogar en grupo motivacion,1 Hogar conectado,2 = Female,53,1 = Yes,1 = Yes,71.428574
393,0 Hogar no motivado,0 Hogar no conectado,1 = Male,29,1 = Yes,1 = Yes,
394,1 Hogar en grupo motivacion,0 Hogar no conectado,2 = Female,32,1 = Yes,1 = Yes,71.428574
395,0 Hogar no motivado,0 Hogar no conectado,1 = Male,55,1 = Yes,1 = Yes,
396,1 Hogar en grupo motivacion,1 Hogar conectado,1 = Male,46,1 = Yes,1 = Yes,57.14286
397,0 Hogar no motivado,1 Hogar conectado,2 = Female,65,0 = No,0 = No,85.714287
398,1 Hogar en grupo motivacion,1 Hogar conectado,1 = Male,52,1 = Yes,1 = Yes,14.285715
400,1 Hogar en grupo motivacion,1 Hogar conectado,2 = Female,41,0 = No,0 = No,
401,0 Hogar no motivado,0 Hogar no conectado,1 = Male,45,1 = Yes,1 = Yes,
404,0 Hogar no motivado,0 Hogar no conectado,2 = Female,49,0 = No,0 = No,
405,1 Hogar en grupo motivacion,0 Hogar no conectado,1 = Male,72,1 = Yes,0 = No,
406,1 Hogar en grupo motivacion,1 Hogar conectado,2 = Female,36,0 = No,0 = No,
407,1 Hogar en grupo motivacion,0 Hogar no conectado,2 = Female,64,0 = No,0 = No,
408,1 Hogar en grupo motivacion,1 Hogar conectado,1 = Male,51,0 = No,0 = No,
409,1 Hogar en grupo motivacion,1 Hogar conectado,2 = Female,30,1 = Yes,1 = Yes,
410,0 Hogar no motivado,0 Hogar no conectado,1 = Male,46,1 = Yes,1 = Yes,71.428574
411,0 Hogar no motivado,0 Hogar no conectado,2 = Female,80,0 = No,0 = No,
413,1 Hogar en grupo motivacion,0 Hogar no conectado,2 = Female,,0 = No,0 = No,
414,1 Hogar en grupo motivacion,1 Hogar conectado,1 = Male,30,1 = Yes,1 = Yes,
415,1 Hogar en grupo motivacion,1 Hogar conectado,1 = Male,46,0 = No,0 = No,85.714287
416,0 Hogar no motivado,0 Hogar no conectado,1 = Male,29,1 = Yes,1 = Yes,
417,1 Hogar en grupo motivacion,1 Hogar conectado,1 = Male,41,1 = Yes,1 = Yes,85.714287
419,0 Hogar no motivado,0 Hogar no conectado,1 = Male,37,1 = Yes,1 = Yes,
421,0 Hogar no motivado,0 Hogar no conectado,1 = Male,46,1 = Yes,1 = Yes,85.714287
423,1 Hogar en grupo motivacion,0 Hogar no conectado,2 = Female,37,0 = No,0 = No,
425,1 Hogar en grupo motivacion,1 Hogar conectado,1 = Male,54,1 = Yes,1 = Yes,57.14286
426,1 Hogar en grupo motivacion,1 Hogar conectado,1 = Male,76,0 = No,0 = No,
428,0 Hogar no motivado,0 Hogar no conectado,1 = Male,37,0 = No,0 = No,
429,0 Hogar no motivado,0 Hogar no conectado,1 = Male,51,1 = Yes,1 = Yes,
430,0 Hogar no motivado,0 Hogar no conectado,2 = Female,71,0 = No,0 = No,
431,1 Hogar en grupo motivacion,1 Hogar conectado,1 = Male,41,1 = Yes,1 = Yes,
432,1 Hogar en grupo motivacion,0 Hogar no conectado,1 = Male,44,1 = Yes,1 = Yes,
435,0 Hogar no motivado,0 Hogar no conectado,1 = Male,35,1 = Yes,1 = Yes,85.714287
436,1 Hogar en grupo motivacion,1 Hogar conectado,1 = Male,40,1 = Yes,1 = Yes,
438,0 Hogar no motivado,0 Hogar no conectado,2 = Female,49,0 = No,0 = No,85.714287
439,1 Hogar en grupo motivacion,1 Hogar conectado,1 = Male,32,1 = Yes,1 = Yes,
440,0 Hogar no motivado,0 Hogar no conectado,1 = Male,46,1 = Yes,1 = Yes,
441,1 Hogar en grupo motivacion,0 Hogar no conectado,1 = Male,57,1 = Yes,1 = Yes,0
447,0 Hogar no motivado,0 Hogar no conectado,2 = Female,70,0 = No,0 = No,
448,0 Hogar no motivado,0 Hogar no conectado,1 = Male,47,1 = Yes,1 = Yes,71.428574
449,0 Hogar no motivado,0 Hogar no conectado,1 = Male,53,1 = Yes,1 = Yes,85.714287
450,1 Hogar en grupo motivacion,1 Hogar conectado,1 = Male,52,1 = Yes,1 = Yes,
451,0 Hogar no motivado,0 Hogar no conectado,2 = Female,30,1 = Yes,1 = Yes,
454,0 Hogar no motivado,0 Hogar no conectado,1 = Male,31,1 = Yes,1 = Yes,
455,0 Hogar no motivado,0 Hogar no conectado,1 = Male,,0 = No,0 = No,
456,0 Hogar no motivado,0 Hogar no conectado,1 = Male,71,0 = No,0 = No,
457,0 Hogar no motivado,0 Hogar no conectado,1 = Male,40,1 = Yes,1 = Yes,57.14286
458,1 Hogar en grupo motivacion,0 Hogar no conectado,2 = Female,48,0 = No,0 = No,71.428574
459,0 Hogar no motivado,0 Hogar no conectado,1 = Male,48,1 = Yes,1 = Yes,85.714287
460,0 Hogar no motivado,0 Hogar no conectado,1 = Male,51,1 = Yes,1 = Yes,42.857143
461,1 Hogar en grupo motivacion,0 Hogar no conectado,1 = Male,47,1 = Yes,1 = Yes,
462,1 Hogar en grupo motivacion,1 Hogar conectado,1 = Male,36,0 = No,0 = No,71.428574
463,1 Hogar en grupo motivacion,1 Hogar conectado,2 = Female,68,0 = No,0 = No,
465,1 Hogar en grupo motivacion,1 Hogar conectado,1 = Male,63,1 = Yes,1 = Yes,71.428574
466,1 Hogar en grupo motivacion,1 Hogar conectado,1 = Male,60,1 = Yes,1 = Yes,
467,0 Hogar no motivado,0 Hogar no conectado,1 = Male,36,0 = No,0 = No,85.714287
468,1 Hogar en grupo motivacion,1 Hogar conectado,2 = Female,63,,,
471,0 Hogar no motivado,0 Hogar no conectado,1 = Male,59,1 = Yes,1 = Yes,
473,1 Hogar en grupo motivacion,1 Hogar conectado,1 = Male,44,1 = Yes,1 = Yes,85.714287
474,1 Hogar en grupo motivacion,1 Hogar conectado,2 = Female,61,0 = No,0 = No,
477,1 Hogar en grupo motivacion,1 Hogar conectado,1 = Male,44,0 = No,0 = No,0
478,1 Hogar en grupo motivacion,0 Hogar no conectado,2 = Female,68,1 = Yes,0 = No,
479,0 Hogar no motivado,0 Hogar no conectado,1 = Male,55,1 = Yes,1 = Yes,
482,0 Hogar no motivado,0 Hogar no conectado,1 = Male,51,1 = Yes,1 = Yes,
483,0 Hogar no motivado,1 Hogar conectado,1 = Male,31,1 = Yes,1 = Yes,57.14286
486,1 Hogar en grupo motivacion,1 Hogar conectado,1 = Male,35,1 = Yes,1 = Yes,85.714287
488,1 Hogar en grupo motivacion,1 Hogar conectado,1 = Male,76,1 = Yes,1 = Yes,85.714287
489,1 Hogar en grupo motivacion,1 Hogar conectado,1 = Male,32,1 = Yes,1 = Yes,
490,0 Hogar no motivado,0 Hogar no conectado,1 = Male,69,0 = No,0 = No,
491,1 Hogar en grupo motivacion,0 Hogar no conectado,2 = Female,70,,,
492,0 Hogar no motivado,1 Hogar conectado,1 = Male,39,1 = Yes,1 = Yes,57.14286
493,1 Hogar en grupo motivacion,0 Hogar no conectado,1 = Male,74,0 = No,0 = No,
494,1 Hogar en grupo motivacion,1 Hogar conectado,1 = Male,54,1 = Yes,1 = Yes,
498,1 Hogar en grupo motivacion,0 Hogar no conectado,1 = Male,43,1 = Yes,1 = Yes,71.428574
500,0 Hogar no motivado,0 Hogar no conectado,2 = Female,51,0 = No,0 = No,
501,1 Hogar en grupo motivacion,0 Hogar no conectado,1 = Male,83,1 = Yes,1 = Yes,
502,1 Hogar en grupo motivacion,1 Hogar conectado,1 = Male,46,1 = Yes,1 = Yes,85.714287
504,1 Hogar en grupo motivacion,1 Hogar conectado,1 = Male,27,1 = Yes,1 = Yes,
506,0 Hogar no motivado,0 Hogar no conectado,2 = Female,23,0 = No,0 = No,
507,0 Hogar no motivado,0 Hogar no conectado,1 = Male,60,1 = Yes,1 = Yes,
508,1 Hogar en grupo motivacion,1 Hogar conectado,1 = Male,50,1 = Yes,1 = Yes,85.714287
509,1 Hogar en grupo motivacion,1 Hogar conectado,1 = Male,27,0 = No,0 = No,
510,1 Hogar en grupo motivacion,0 Hogar no conectado,1 = Male,41,0 = No,0 = No,
511,0 Hogar no motivado,0 Hogar no conectado,1 = Male,63,0 = No,0 = No,
512,1 Hogar en grupo motivacion,0 Hogar no conectado,2 = Female,42,0 = No,0 = No,
513,1 Hogar en grupo motivacion,1 Hogar conectado,1 = Male,46,0 = No,0 = No,71.428574
514,1 Hogar en grupo motivacion,1 Hogar conectado,2 = Female,73,0 = No,0 = No,
515,0 Hogar no motivado,0 Hogar no conectado,1 = Male,51,1 = Yes,1 = Yes,71.428574
516,0 Hogar no motivado,0 Hogar no conectado,2 = Female,76,0 = No,0 = No,
517,1 Hogar en grupo motivacion,1 Hogar conectado,1 = Male,32,1 = Yes,1 = Yes,
520,0 Hogar no motivado,0 Hogar no conectado,2 = Female,33,1 = Yes,0 = No,
522,0 Hogar no motivado,0 Hogar no conectado,1 = Male,36,1 = Yes,1 = Yes,
524,0 Hogar no motivado,0 Hogar no conectado,1 = Male,33,1 = Yes,1 = Yes,
526,0 Hogar no motivado,0 Hogar no conectado,1 = Male,46,0 = No,0 = No,
527,1 Hogar en grupo motivacion,1 Hogar conectado,1 = Male,74,1 = Yes,1 = Yes,
528,1 Hogar en grupo motivacion,1 Hogar conectado,1 = Male,54,1 = Yes,1 = Yes,
529,1 Hogar en grupo motivacion,0 Hogar no conectado,1 = Male,49,1 = Yes,1 = Yes,71.428574
530,0 Hogar no motivado,0 Hogar no conectado,1 = Male,71,1 = Yes,1 = Yes,
531,1 Hogar en grupo motivacion,1 Hogar conectado,2 = Female,41,1 = Yes,1 = Yes,71.428574
532,1 Hogar en grupo motivacion,0 Hogar no conectado,1 = Male,41,1 = Yes,1 = Yes,
533,1 Hogar en grupo motivacion,1 Hogar conectado,2 = Female,45,1 = Yes,0 = No,
534,1 Hogar en grupo motivacion,1 Hogar conectado,1 = Male,44,1 = Yes,1 = Yes,
535,1 Hogar en grupo motivacion,1 Hogar conectado,2 = Female,71,0 = No,0 = No,
536,1 Hogar en grupo motivacion,0 Hogar no conectado,2 = Female,71,0 = No,0 = No,
537,0 Hogar no motivado,0 Hogar no conectado,1 = Male,56,1 = Yes,1 = Yes,
538,0 Hogar no motivado,0 Hogar no conectado,1 = Male,68,1 = Yes,1 = Yes,
539,0 Hogar no motivado,0 Hogar no conectado,1 = Male,51,0 = No,0 = No,
540,0 Hogar no motivado,0 Hogar no conectado,1 = Male,51,1 = Yes,1 = Yes,42.857143
542,1 Hogar en grupo motivacion,0 Hogar no conectado,1 = Male,48,1 = Yes,1 = Yes,85.714287
543,1 Hogar en grupo motivacion,1 Hogar conectado,1 = Male,74,0 = No,0 = No,
544,1 Hogar en grupo motivacion,1 Hogar conectado,1 = Male,56,0 = No,0 = No,85.714287
545,1 Hogar en grupo motivacion,1 Hogar conectado,2 = Female,55,0 = No,0 = No,
546,1 Hogar en grupo motivacion,1 Hogar conectado,1 = Male,31,1 = Yes,1 = Yes,28.57143
548,0 Hogar no motivado,1 Hogar conectado,1 = Male,45,1 = Yes,1 = Yes,
550,1 Hogar en grupo motivacion,0 Hogar no conectado,1 = Male,46,1 = Yes,1 = Yes,
551,0 Hogar no motivado,0 Hogar no conectado,1 = Male,31,1 = Yes,1 = Yes,
552,0 Hogar no motivado,0 Hogar no conectado,1 = Male,45,1 = Yes,1 = Yes,71.428574
553,1 Hogar en grupo motivacion,0 Hogar no conectado,1 = Male,31,1 = Yes,1 = Yes,
555,1 Hogar en grupo motivacion,1 Hogar conectado,1 = Male,37,0 = No,0 = No,42.857143
556,1 Hogar en grupo motivacion,0 Hogar no conectado,2 = Female,56,0 = No,0 = No,
557,1 Hogar en grupo motivacion,1 Hogar conectado,1 = Male,39,1 = Yes,1 = Yes,85.714287
559,1 Hogar en grupo motivacion,1 Hogar conectado,1 = Male,77,0 = No,0 = No,
560,1 Hogar en grupo motivacion,0 Hogar no conectado,1 = Male,41,1 = Yes,1 = Yes,
563,0 Hogar no motivado,0 Hogar no conectado,1 = Male,56,1 = Yes,1 = Yes,
564,1 Hogar en grupo motivacion,0 Hogar no conectado,1 = Male,44,1 = Yes,1 = Yes,71.428574
565,0 Hogar no motivado,0 Hogar no conectado,2 = Female,35,,,
566,0 Hogar no motivado,0 Hogar no conectado,1 = Male,60,1 = Yes,1 = Yes,85.714287
568,0 Hogar no motivado,0 Hogar no conectado,1 = Male,61,1 = Yes,1 = Yes,
569,0 Hogar no motivado,1 Hogar conectado,2 = Female,46,0 = No,0 = No,57.14286
572,1 Hogar en grupo motivacion,1 Hogar conectado,1 = Male,69,1 = Yes,1 = Yes,
573,0 Hogar no motivado,0 Hogar no conectado,2 = Female,49,1 = Yes,0 = No,
574,0 Hogar no motivado,0 Hogar no conectado,2 = Female,33,1 = Yes,1 = Yes,
575,1 Hogar en grupo motivacion,0 Hogar no conectado,2 = Female,61,0 = No,0 = No,
576,1 Hogar en grupo motivacion,1 Hogar conectado,1 = Male,57,0 = No,0 = No,42.857143
577,1 Hogar en grupo motivacion,1 Hogar conectado,1 = Male,41,1 = Yes,1 = Yes,71.428574
578,1 Hogar en grupo motivacion,1 Hogar conectado,1 = Male,36,1 = Yes,1 = Yes,14.285715
579,1 Hogar en grupo motivacion,1 Hogar conectado,1 = Male,45,1 = Yes,1 = Yes,71.428574
580,1 Hogar en grupo motivacion,1 Hogar conectado,2 = Female,76,,,
581,1 Hogar en grupo motivacion,1 Hogar conectado,2 = Female,40,1 = Yes,1 = Yes,42.857143
582,1 Hogar en grupo motivacion,1 Hogar conectado,1 = Male,64,1 = Yes,1 = Yes,
583,0 Hogar no motivado,0 Hogar no conectado,1 = Male,55,1 = Yes,1 = Yes,
584,1 Hogar en grupo motivacion,1 Hogar conectado,1 = Male,48,1 = Yes,1 = Yes,71.428574
587,1 Hogar en grupo motivacion,1 Hogar conectado,2 = Female,43,1 = Yes,1 = Yes,
590,0 Hogar no motivado,0 Hogar no conectado,2 = Female,48,0 = No,0 = No,71.428574
591,1 Hogar en grupo motivacion,1 Hogar conectado,1 = Male,60,1 = Yes,1 = Yes,71.428574
592,0 Hogar no motivado,0 Hogar no conectado,1 = Male,57,1 = Yes,0 = No,71.428574
593,1 Hogar en grupo motivacion,1 Hogar conectado,1 = Male,48,1 = Yes,1 = Yes,14.285715
594,0 Hogar no motivado,0 Hogar no conectado,1 = Male,56,1 = Yes,1 = Yes,57.14286
595,1 Hogar en grupo motivacion,0 Hogar no conectado,1 = Male,76,1 = Yes,1 = Yes,
596,1 Hogar en grupo motivacion,1 Hogar conectado,1 = Male,46,0 = No,0 = No,71.428574
597,0 Hogar no motivado,0 Hogar no conectado,1 = Male,40,0 = No,0 = No,
598,0 Hogar no motivado,0 Hogar no conectado,1 = Male,43,1 = Yes,1 = Yes,71.428574
599,1 Hogar en grupo motivacion,0 Hogar no conectado,1 = Male,66,0 = No,0 = No,
602,0 Hogar no motivado,0 Hogar no conectado,1 = Male,46,1 = Yes,1 = Yes,42.857143
603,1 Hogar en grupo motivacion,1 Hogar conectado,1 = Male,32,1 = Yes,1 = Yes,85.714287
604,1 Hogar en grupo motivacion,1 Hogar conectado,1 = Male,55,1 = Yes,1 = Yes,28.57143
605,1 Hogar en grupo motivacion,1 Hogar conectado,1 = Male,26,1 = Yes,1 = Yes,
607,1 Hogar en grupo motivacion,1 Hogar conectado,1 = Male,62,1 = Yes,1 = Yes,42.857143
608,0 Hogar no motivado,0 Hogar no conectado,1 = Male,51,1 = Yes,1 = Yes,85.714287
609,1 Hogar en grupo motivacion,1 Hogar conectado,1 = Male,50,0 = No,0 = No,85.714287
610,0 Hogar no motivado,0 Hogar no conectado,1 = Male,64,1 = Yes,1 = Yes,85.714287
611,0 Hogar no motivado,0 Hogar no conectado,2 = Female,66,1 = Yes,1 = Yes,
612,1 Hogar en grupo motivacion,1 Hogar conectado,2 = Female,52,0 = No,0 = No,0
613,0 Hogar no motivado,1 Hogar conectado,1 = Male,57,0 = No,0 = No,85.714287
616,0 Hogar no motivado,1 Hogar conectado,1 = Male,38,1 = Yes,1 = Yes,85.714287
622,1 Hogar en grupo motivacion,1 Hogar conectado,1 = Male,45,1 = Yes,0 = No,85.714287
623,0 Hogar no motivado,0 Hogar no conectado,1 = Male,42,1 = Yes,1 = Yes,28.57143
625,1 Hogar en grupo motivacion,1 Hogar conectado,1 = Male,34,1 = Yes,1 = Yes,
626,1 Hogar en grupo motivacion,1 Hogar conectado,1 = Male,31,1 = Yes,1 = Yes,
627,0 Hogar no motivado,0 Hogar no conectado,1 = Male,46,1 = Yes,1 = Yes,
628,0 Hogar no motivado,0 Hogar no conectado,2 = Female,75,0 = No,0 = No,
629,0 Hogar no motivado,0 Hogar no conectado,1 = Male,46,1 = Yes,1 = Yes,28.57143
630,1 Hogar en grupo motivacion,1 Hogar conectado,1 = Male,42,1 = Yes,1 = Yes,85.714287
631,1 Hogar en grupo motivacion,1 Hogar conectado,2 = Female,45,0 = No,0 = No,71.428574
632,0 Hogar no motivado,0 Hogar no conectado,1 = Male,55,1 = Yes,1 = Yes,
634,0 Hogar no motivado,0 Hogar no conectado,2 = Female,42,0 = No,0 = No,85.714287
635,0 Hogar no motivado,0 Hogar no conectado,1 = Male,47,0 = No,0 = No,
637,1 Hogar en grupo motivacion,1 Hogar conectado,1 = Male,53,1 = Yes,1 = Yes,
638,1 Hogar en grupo motivacion,1 Hogar conectado,1 = Male,49,1 = Yes,1 = Yes,85.714287
639,0 Hogar no motivado,0 Hogar no conectado,1 = Male,38,1 = Yes,1 = Yes,
640,1 Hogar en grupo motivacion,1 Hogar conectado,1 = Male,50,1 = Yes,1 = Yes,28.57143
641,1 Hogar en grupo motivacion,1 Hogar conectado,1 = Male,52,1 = Yes,1 = Yes,57.14286
642,1 Hogar en grupo motivacion,1 Hogar conectado,2 = Female,54,0 = No,0 = No,
643,0 Hogar no motivado,0 Hogar no conectado,2 = Female,46,0 = No,0 = No,0
644,0 Hogar no motivado,1 Hogar conectado,2 = Female,72,0 = No,0 = No,
645,0 Hogar no motivado,0 Hogar no conectado,1 = Male,51,1 = Yes,1 = Yes,71.428574
646,1 Hogar en grupo motivacion,1 Hogar conectado,2 = Female,56,0 = No,0 = No,
647,1 Hogar en grupo motivacion,1 Hogar conectado,1 = Male,55,0 = No,0 = No,71.428574
650,1 Hogar en grupo motivacion,0 Hogar no conectado,1 = Male,43,0 = No,0 = No,71.428574
652,0 Hogar no motivado,0 Hogar no conectado,1 = Male,55,1 = Yes,1 = Yes,
653,1 Hogar en grupo motivacion,1 Hogar conectado,1 = Male,55,1 = Yes,1 = Yes,85.714287
654,1 Hogar en grupo motivacion,1 Hogar conectado,1 = Male,71,0 = No,0 = No,
656,1 Hogar en grupo motivacion,1 Hogar conectado,1 = Male,47,1 = Yes,1 = Yes,
658,0 Hogar no motivado,0 Hogar no conectado,1 = Male,33,1 = Yes,1 = Yes,
659,0 Hogar no motivado,0 Hogar no conectado,1 = Male,51,0 = No,0 = No,85.714287
660,0 Hogar no motivado,0 Hogar no conectado,1 = Male,49,1 = Yes,1 = Yes,85.714287
661,0 Hogar no motivado,0 Hogar no conectado,1 = Male,75,0 = No,0 = No,
662,0 Hogar no motivado,0 Hogar no conectado,2 = Female,80,0 = No,0 = No,
664,1 Hogar en grupo motivacion,1 Hogar conectado,1 = Male,56,1 = Yes,1 = Yes,71.428574
666,0 Hogar no motivado,0 Hogar no conectado,1 = Male,71,0 = No,0 = No,
667,0 Hogar no motivado,0 Hogar no conectado,1 = Male,43,1 = Yes,1 = Yes,71.428574
668,0 Hogar no motivado,0 Hogar no conectado,1 = Male,65,0 = No,0 = No,
669,0 Hogar no motivado,0 Hogar no conectado,2 = Female,53,1 = Yes,1 = Yes,
670,1 Hogar en grupo motivacion,1 Hogar conectado,1 = Male,49,1 = Yes,1 = Yes,
673,0 Hogar no motivado,0 Hogar no conectado,1 = Male,42,1 = Yes,1 = Yes,57.14286
674,0 Hogar no motivado,0 Hogar no conectado,1 = Male,46,0 = No,0 = No,
676,1 Hogar en grupo motivacion,0 Hogar no conectado,1 = Male,42,1 = Yes,1 = Yes,
677,0 Hogar no motivado,0 Hogar no conectado,2 = Female,36,0 = No,0 = No,
678,0 Hogar no motivado,0 Hogar no conectado,1 = Male,64,0 = No,0 = No,85.714287
681,0 Hogar no motivado,0 Hogar no conectado,1 = Male,70,1 = Yes,1 = Yes,
682,0 Hogar no motivado,0 Hogar no conectado,1 = Male,81,0 = No,0 = No,
683,0 Hogar no motivado,0 Hogar no conectado,1 = Male,36,1 = Yes,1 = Yes,85.714287
686,0 Hogar no motivado,0 Hogar no conectado,1 = Male,47,1 = Yes,1 = Yes,71.428574
687,0 Hogar no motivado,1 Hogar conectado,1 = Male,37,1 = Yes,1 = Yes,71.428574
690,1 Hogar en grupo motivacion,1 Hogar conectado,1 = Male,67,0 = No,0 = No,
691,1 Hogar en grupo motivacion,0 Hogar no conectado,2 = Female,51,0 = No,0 = No,
692,1 Hogar en grupo motivacion,0 Hogar no conectado,1 = Male,61,1 = Yes,1 = Yes,
693,0 Hogar no motivado,0 Hogar no conectado,1 = Male,54,1 = Yes,1 = Yes,
694,0 Hogar no motivado,0 Hogar no conectado,2 = Female,63,0 = No,0 = No,
697,1 Hogar en grupo motivacion,1 Hogar conectado,2 = Female,51,0 = No,0 = No,
699,0 Hogar no motivado,0 Hogar no conectado,1 = Male,48,1 = Yes,1 = Yes,
700,0 Hogar no motivado,0 Hogar no conectado,2 = Female,66,0 = No,0 = No,71.428574
701,1 Hogar en grupo motivacion,1 Hogar conectado,2 = Female,25,0 = No,0 = No,
702,1 Hogar en grupo motivacion,1 Hogar conectado,1 = Male,36,1 = Yes,1 = Yes,28.57143
703,1 Hogar en grupo motivacion,1 Hogar conectado,1 = Male,39,0 = No,0 = No,71.428574
704,1 Hogar en grupo motivacion,1 Hogar conectado,1 = Male,43,1 = Yes,1 = Yes,85.714287
706,1 Hogar en grupo motivacion,1 Hogar conectado,1 = Male,32,1 = Yes,1 = Yes,
708,0 Hogar no motivado,0 Hogar no conectado,1 = Male,22,1 = Yes,1 = Yes,
709,1 Hogar en grupo motivacion,0 Hogar no conectado,2 = Female,49,0 = No,0 = No,
710,0 Hogar no motivado,0 Hogar no conectado,2 = Female,27,1 = Yes,1 = Yes,
711,0 Hogar no motivado,0 Hogar no conectado,2 = Female,55,0 = No,0 = No,
712,1 Hogar en grupo motivacion,0 Hogar no conectado,1 = Male,43,1 = Yes,1 = Yes,
713,0 Hogar no motivado,0 Hogar no conectado,1 = Male,116,0 = No,0 = No,
714,0 Hogar no motivado,1 Hogar conectado,2 = Female,43,0 = No,0 = No,
718,1 Hogar en grupo motivacion,1 Hogar conectado,1 = Male,43,0 = No,0 = No,57.14286
719,1 Hogar en grupo motivacion,0 Hogar no conectado,1 = Male,108,0 = No,0 = No,
720,1 Hogar en grupo motivacion,1 Hogar conectado,2 = Female,57,1 = Yes,1 = Yes,42.857143
723,0 Hogar no motivado,0 Hogar no conectado,1 = Male,55,1 = Yes,0 = No,
724,0 Hogar no motivado,0 Hogar no conectado,1 = Male,85,0 = No,0 = No,
725,1 Hogar en grupo motivacion,1 Hogar conectado,1 = Male,73,0 = No,0 = No,
726,0 Hogar no motivado,0 Hogar no conectado,1 = Male,75,1 = Yes,1 = Yes,
727,1 Hogar en grupo motivacion,1 Hogar conectado,1 = Male,39,1 = Yes,1 = Yes,57.14286
728,0 Hogar no motivado,0 Hogar no conectado,1 = Male,38,1 = Yes,1 = Yes,57.14286
729,1 Hogar en grupo motivacion,0 Hogar no conectado,2 = Female,58,0 = No,0 = No,
731,0 Hogar no motivado,0 Hogar no conectado,1 = Male,62,0 = No,0 = No,
732,1 Hogar en grupo motivacion,1 Hogar conectado,1 = Male,51,1 = Yes,1 = Yes,42.857143
733,1 Hogar en grupo motivacion,1 Hogar conectado,1 = Male,45,1 = Yes,1 = Yes,
734,1 Hogar en grupo motivacion,1 Hogar conectado,1 = Male,44,1 = Yes,1 = Yes,57.14286
735,0 Hogar no motivado,0 Hogar no conectado,2 = Female,59,0 = No,0 = No,
736,0 Hogar no motivado,0 Hogar no conectado,2 = Female,49,0 = No,0 = No,
738,0 Hogar no motivado,0 Hogar no conectado,1 = Male,54,1 = Yes,1 = Yes,85.714287
739,1 Hogar en grupo motivacion,1 Hogar conectado,1 = Male,43,1 = Yes,1 = Yes,85.714287
740,0 Hogar no motivado,0 Hogar no conectado,1 = Male,41,1 = Yes,1 = Yes,85.714287
741,0 Hogar no motivado,1 Hogar conectado,1 = Male,64,0 = No,0 = No,85.714287
744,0 Hogar no motivado,1 Hogar conectado,1 = Male,42,1 = Yes,1 = Yes,
746,0 Hogar no motivado,0 Hogar no conectado,2 = Female,79,0 = No,0 = No,
747,1 Hogar en grupo motivacion,1 Hogar conectado,2 = Female,46,0 = No,0 = No,
749,0 Hogar no motivado,0 Hogar no conectado,1 = Male,83,0 = No,0 = No,
750,0 Hogar no motivado,0 Hogar no conectado,2 = Female,60,,,71.428574
751,1 Hogar en grupo motivacion,1 Hogar conectado,1 = Male,85,1 = Yes,1 = Yes,
752,0 Hogar no motivado,0 Hogar no conectado,1 = Male,55,1 = Yes,1 = Yes,
753,1 Hogar en grupo motivacion,1 Hogar conectado,1 = Male,43,0 = No,0 = No,85.714287
754,0 Hogar no motivado,0 Hogar no conectado,1 = Male,41,1 = Yes,1 = Yes,
755,1 Hogar en grupo motivacion,1 Hogar conectado,1 = Male,52,1 = Yes,1 = Yes,14.285715
757,1 Hogar en grupo motivacion,1 Hogar conectado,1 = Male,51,1 = Yes,1 = Yes,
758,1 Hogar en grupo motivacion,1 Hogar conectado,2 = Female,59,1 = Yes,1 = Yes,85.714287
759,1 Hogar en grupo motivacion,1 Hogar conectado,1 = Male,71,1 = Yes,1 = Yes,
762,1 Hogar en grupo motivacion,0 Hogar no conectado,1 = Male,53,1 = Yes,1 = Yes,
763,0 Hogar no motivado,0 Hogar no conectado,1 = Male,57,0 = No,0 = No,
764,1 Hogar en grupo motivacion,0 Hogar no conectado,1 = Male,43,1 = Yes,1 = Yes,85.714287
765,1 Hogar en grupo motivacion,1 Hogar conectado,1 = Male,46,1 = Yes,1 = Yes,85.714287
767,0 Hogar no motivado,0 Hogar no conectado,2 = Female,86,0 = No,0 = No,
770,0 Hogar no motivado,1 Hogar conectado,1 = Male,45,0 = No,0 = No,
771,1 Hogar en grupo motivacion,0 Hogar no conectado,1 = Male,41,0 = No,0 = No,0
772,1 Hogar en grupo motivacion,1 Hogar conectado,2 = Female,38,0 = No,0 = No,
773,0 Hogar no motivado,0 Hogar no conectado,1 = Male,36,1 = Yes,1 = Yes,
774,0 Hogar no motivado,0 Hogar no conectado,2 = Female,48,1 = Yes,1 = Yes,85.714287
775,0 Hogar no motivado,0 Hogar no conectado,1 = Male,73,1 = Yes,1 = Yes,
776,1 Hogar en grupo motivacion,1 Hogar conectado,1 = Male,58,1 = Yes,1 = Yes,
777,1 Hogar en grupo motivacion,0 Hogar no conectado,1 = Male,71,,,
779,1 Hogar en grupo motivacion,1 Hogar conectado,1 = Male,75,1 = Yes,1 = Yes,
780,1 Hogar en grupo motivacion,1 Hogar conectado,1 = Male,47,1 = Yes,1 = Yes,57.14286
781,0 Hogar no motivado,0 Hogar no conectado,1 = Male,48,1 = Yes,1 = Yes,71.428574
782,1 Hogar en grupo motivacion,1 Hogar conectado,1 = Male,64,1 = Yes,1 = Yes,
783,1 Hogar en grupo motivacion,1 Hogar conectado,1 = Male,50,1 = Yes,1 = Yes,85.714287
784,1 Hogar en grupo motivacion,1 Hogar conectado,1 = Male,30,0 = No,0 = No,
785,0 Hogar no motivado,0 Hogar no conectado,1 = Male,51,1 = Yes,1 = Yes,
786,1 Hogar en grupo motivacion,1 Hogar conectado,1 = Male,56,1 = Yes,1 = Yes,
787,0 Hogar no motivado,0 Hogar no conectado,2 = Female,71,0 = No,0 = No,
789,1 Hogar en grupo motivacion,1 Hogar conectado,1 = Male,60,1 = Yes,1 = Yes,
790,1 Hogar en grupo motivacion,1 Hogar conectado,1 = Male,48,0 = No,0 = No,57.14286
791,1 Hogar en grupo motivacion,1 Hogar conectado,2 = Female,76,0 = No,0 = No,
792,1 Hogar en grupo motivacion,1 Hogar conectado,2 = Female,46,0 = No,0 = No,
793,0 Hogar no motivado,0 Hogar no conectado,1 = Male,63,0 = No,0 = No,
794,1 Hogar en grupo motivacion,0 Hogar no conectado,1 = Male,52,0 = No,0 = No,42.857143
795,0 Hogar no motivado,0 Hogar no conectado,2 = Female,,0 = No,0 = No,
798,1 Hogar en grupo motivacion,0 Hogar no conectado,1 = Male,48,1 = Yes,1 = Yes,57.14286
799,0 Hogar no motivado,0 Hogar no conectado,1 = Male,71,1 = Yes,1 = Yes,71.428574
800,1 Hogar en grupo motivacion,0 Hogar no conectado,1 = Male,66,0 = No,0 = No,
801,1 Hogar en grupo motivacion,0 Hogar no conectado,2 = Female,61,1 = Yes,0 = No,
802,0 Hogar no motivado,1 Hogar conectado,1 = Male,53,1 = Yes,1 = Yes,57.14286
803,1 Hogar en grupo motivacion,1 Hogar conectado,2 = Female,55,0 = No,0 = No,
804,1 Hogar en grupo motivacion,1 Hogar conectado,2 = Female,71,0 = No,0 = No,
806,1 Hogar en grupo motivacion,0 Hogar no conectado,1 = Male,41,1 = Yes,1 = Yes,0
807,1 Hogar en grupo motivacion,1 Hogar conectado,1 = Male,65,0 = No,0 = No,
808,0 Hogar no motivado,1 Hogar conectado,1 = Male,24,1 = Yes,1 = Yes,
809,0 Hogar no motivado,0 Hogar no conectado,1 = Male,81,0 = No,0 = No,
810,1 Hogar en grupo motivacion,1 Hogar conectado,1 = Male,56,1 = Yes,1 = Yes,57.14286
812,0 Hogar no motivado,0 Hogar no conectado,1 = Male,71,0 = No,0 = No,
813,0 Hogar no motivado,0 Hogar no conectado,2 = Female,71,0 = No,0 = No,
814,1 Hogar en grupo motivacion,1 Hogar conectado,1 = Male,58,1 = Yes,1 = Yes,85.714287
815,0 Hogar no motivado,0 Hogar no conectado,1 = Male,35,1 = Yes,1 = Yes,
816,1 Hogar en grupo motivacion,0 Hogar no conectado,1 = Male,92,0 = No,0 = No,
817,1 Hogar en grupo motivacion,1 Hogar conectado,1 = Male,47,1 = Yes,1 = Yes,
818,0 Hogar no motivado,0 Hogar no conectado,2 = Female,53,0 = No,0 = No,14.285715
819,1 Hogar en grupo motivacion,1 Hogar conectado,1 = Male,22,1 = Yes,1 = Yes,42.857143
820,1 Hogar en grupo motivacion,1 Hogar conectado,2 = Female,45,0 = No,0 = No,28.57143
822,1 Hogar en grupo motivacion,0 Hogar no conectado,1 = Male,71,0 = No,0 = No,
823,1 Hogar en grupo motivacion,1 Hogar conectado,1 = Male,48,1 = Yes,1 = Yes,57.14286
824,0 Hogar no motivado,1 Hogar conectado,1 = Male,70,1 = Yes,1 = Yes,
825,1 Hogar en grupo motivacion,0 Hogar no conectado,1 = Male,61,1 = Yes,1 = Yes,
826,1 Hogar en grupo motivacion,1 Hogar conectado,1 = Male,39,1 = Yes,1 = Yes,85.714287
828,0 Hogar no motivado,0 Hogar no conectado,1 = Male,45,1 = Yes,1 = Yes,14.285715
830,0 Hogar no motivado,1 Hogar conectado,1 = Male,44,0 = No,0 = No,14.285715
831,1 Hogar en grupo motivacion,1 Hogar conectado,1 = Male,69,0 = No,0 = No,
832,0 Hogar no motivado,0 Hogar no conectado,1 = Male,42,0 = No,0 = No,71.428574
833,0 Hogar no motivado,0 Hogar no conectado,1 = Male,33,1 = Yes,1 = Yes,57.14286
834,0 Hogar no motivado,0 Hogar no conectado,1 = Male,53,1 = Yes,1 = Yes,85.714287
835,0 Hogar no motivado,0 Hogar no conectado,1 = Male,26,1 = Yes,1 = Yes,
836,1 Hogar en grupo motivacion,0 Hogar no conectado,1 = Male,33,1 = Yes,1 = Yes,
837,0 Hogar no motivado,1 Hogar conectado,1 = Male,80,0 = No,0 = No,
838,1 Hogar en grupo motivacion,0 Hogar no conectado,2 = Female,71,0 = No,0 = No,
840,1 Hogar en grupo motivacion,1 Hogar conectado,1 = Male,72,1 = Yes,1 = Yes,
841,0 Hogar no motivado,0 Hogar no conectado,2 = Female,80,0 = No,0 = No,57.14286
842,0 Hogar no motivado,0 Hogar no conectado,1 = Male,41,1 = Yes,1 = Yes,57.14286
843,0 Hogar no motivado,0 Hogar no conectado,2 = Female,66,0 = No,0 = No,
844,0 Hogar no motivado,0 Hogar no conectado,1 = Male,45,1 = Yes,1 = Yes,28.57143
846,1 Hogar en grupo motivacion,1 Hogar conectado,1 = Male,81,1 = Yes,1 = Yes,14.285715
848,0 Hogar no motivado,0 Hogar no conectado,1 = Male,56,1 = Yes,1 = Yes,
851,0 Hogar no motivado,0 Hogar no conectado,2 = Female,31,1 = Yes,1 = Yes,
852,0 Hogar no motivado,0 Hogar no conectado,1 = Male,35,1 = Yes,1 = Yes,
853,0 Hogar no motivado,0 Hogar no conectado,1 = Male,49,0 = No,0 = No,42.857143
854,0 Hogar no motivado,0 Hogar no conectado,1 = Male,50,1 = Yes,1 = Yes,
855,1 Hogar en grupo motivacion,1 Hogar conectado,2 = Female,82,0 = No,0 = No,
857,1 Hogar en grupo motivacion,1 Hogar conectado,1 = Male,48,1 = Yes,1 = Yes,57.14286
858,0 Hogar no motivado,0 Hogar no conectado,1 = Male,34,1 = Yes,1 = Yes,57.14286
859,1 Hogar en grupo motivacion,1 Hogar conectado,1 = Male,34,1 = Yes,1 = Yes,85.714287
860,1 Hogar en grupo motivacion,1 Hogar conectado,1 = Male,51,1 = Yes,1 = Yes,14.285715
861,1 Hogar en grupo motivacion,0 Hogar no conectado,1 = Male,49,1 = Yes,1 = Yes,
863,0 Hogar no motivado,0 Hogar no conectado,1 = Male,51,1 = Yes,1 = Yes,85.714287
864,1 Hogar en grupo motivacion,1 Hogar conectado,1 = Male,61,0 = No,0 = No,14.285715
865,1 Hogar en grupo motivacion,1 Hogar conectado,1 = Male,51,0 = No,0 = No,0
866,0 Hogar no motivado,0 Hogar no conectado,1 = Male,51,1 = Yes,1 = Yes,71.428574
867,1 Hogar en grupo motivacion,0 Hogar no conectado,1 = Male,29,1 = Yes,1 = Yes,
869,1 Hogar en grupo motivacion,1 Hogar conectado,1 = Male,69,1 = Yes,1 = Yes,
871,0 Hogar no motivado,0 Hogar no conectado,2 = Female,83,0 = No,0 = No,
872,0 Hogar no motivado,0 Hogar no conectado,1 = Male,52,0 = No,0 = No,
873,1 Hogar en grupo motivacion,1 Hogar conectado,1 = Male,46,1 = Yes,0 = No,14.285715
875,0 Hogar no motivado,0 Hogar no conectado,1 = Male,72,1 = Yes,1 = Yes,
876,1 Hogar en grupo motivacion,1 Hogar conectado,1 = Male,74,0 = No,0 = No,
877,0 Hogar no motivado,0 Hogar no conectado,1 = Male,53,1 = Yes,1 = Yes,14.285715
878,1 Hogar en grupo motivacion,1 Hogar conectado,1 = Male,55,0 = No,0 = No,57.14286
880,0 Hogar no motivado,1 Hogar conectado,1 = Male,56,1 = Yes,1 = Yes,85.714287
881,0 Hogar no motivado,0 Hogar no conectado,1 = Male,29,1 = Yes,1 = Yes,71.428574
882,0 Hogar no motivado,0 Hogar no conectado,1 = Male,37,1 = Yes,1 = Yes,71.428574
883,1 Hogar en grupo motivacion,0 Hogar no conectado,1 = Male,76,0 = No,0 = No,
884,0 Hogar no motivado,0 Hogar no conectado,1 = Male,43,1 = Yes,1 = Yes,71.428574
885,1 Hogar en grupo motivacion,1 Hogar conectado,1 = Male,72,0 = No,0 = No,
886,0 Hogar no motivado,1 Hogar conectado,1 = Male,22,1 = Yes,1 = Yes,
887,1 Hogar en grupo motivacion,0 Hogar no conectado,1 = Male,42,1 = Yes,1 = Yes,0
889,1 Hogar en grupo motivacion,1 Hogar conectado,1 = Male,57,1 = Yes,1 = Yes,57.14286
890,1 Hogar en grupo motivacion,0 Hogar no conectado,1 = Male,52,1 = Yes,1 = Yes,
891,0 Hogar no motivado,0 Hogar no conectado,2 = Female,63,0 = No,0 = No,
892,0 Hogar no motivado,0 Hogar no conectado,1 = Male,47,1 = Yes,1 = Yes,85.714287
893,0 Hogar no motivado,0 Hogar no conectado,1 = Male,67,1 = Yes,1 = Yes,
894,0 Hogar no motivado,0 Hogar no conectado,2 = Female,74,0 = No,0 = No,
896,0 Hogar no motivado,0 Hogar no conectado,1 = Male,33,1 = Yes,1 = Yes,
897,1 Hogar en grupo motivacion,1 Hogar conectado,2 = Female,56,0 = No,0 = No,
898,0 Hogar no motivado,0 Hogar no conectado,1 = Male,43,1 = Yes,1 = Yes,
899,0 Hogar no motivado,0 Hogar no conectado,1 = Male,58,0 = No,0 = No,
901,1 Hogar en grupo motivacion,0 Hogar no conectado,1 = Male,81,1 = Yes,1 = Yes,
902,1 Hogar en grupo motivacion,1 Hogar conectado,1 = Male,41,0 = No,0 = No,14.285715
903,0 Hogar no motivado,0 Hogar no conectado,1 = Male,38,1 = Yes,1 = Yes,57.14286
904,1 Hogar en grupo motivacion,1 Hogar conectado,1 = Male,41,1 = Yes,1 = Yes,57.14286
905,0 Hogar no motivado,0 Hogar no conectado,1 = Male,46,1 = Yes,1 = Yes,0
906,1 Hogar en grupo motivacion,0 Hogar no conectado,1 = Male,31,1 = Yes,1 = Yes,
908,0 Hogar no motivado,0 Hogar no conectado,2 = Female,56,0 = No,0 = No,
909,1 Hogar en grupo motivacion,1 Hogar conectado,1 = Male,39,1 = Yes,1 = Yes,42.857143
910,0 Hogar no motivado,1 Hogar conectado,1 = Male,45,0 = No,0 = No,71.428574
911,0 Hogar no motivado,0 Hogar no conectado,1 = Male,51,1 = Yes,1 = Yes,
912,1 Hogar en grupo motivacion,1 Hogar conectado,1 = Male,73,1 = Yes,1 = Yes,
914,0 Hogar no motivado,0 Hogar no conectado,2 = Female,52,0 = No,0 = No,
915,1 Hogar en grupo motivacion,1 Hogar conectado,2 = Female,47,0 = No,0 = No,
916,1 Hogar en grupo motivacion,0 Hogar no conectado,1 = Male,41,1 = Yes,1 = Yes,
917,0 Hogar no motivado,0 Hogar no conectado,1 = Male,45,1 = Yes,1 = Yes,
919,1 Hogar en grupo motivacion,0 Hogar no conectado,1 = Male,75,0 = No,0 = No,85.714287
920,1 Hogar en grupo motivacion,1 Hogar conectado,1 = Male,51,1 = Yes,1 = Yes,71.428574
921,1 Hogar en grupo motivacion,0 Hogar no conectado,1 = Male,32,1 = Yes,1 = Yes,
922,1 Hogar en grupo motivacion,1 Hogar conectado,1 = Male,50,1 = Yes,1 = Yes,57.14286
923,1 Hogar en grupo motivacion,1 Hogar conectado,1 = Male,48,,,14.285715
925,0 Hogar no motivado,0 Hogar no conectado,1 = Male,51,1 = Yes,1 = Yes,
926,0 Hogar no motivado,0 Hogar no conectado,2 = Female,51,0 = No,0 = No,
927,1 Hogar en grupo motivacion,0 Hogar no conectado,2 = Female,52,0 = No,0 = No,
929,0 Hogar no motivado,1 Hogar conectado,1 = Male,37,1 = Yes,1 = Yes,71.428574
930,0 Hogar no motivado,0 Hogar no conectado,1 = Male,46,1 = Yes,1 = Yes,
931,0 Hogar no motivado,1 Hogar conectado,1 = Male,39,1 = Yes,1 = Yes,
932,0 Hogar no motivado,0 Hogar no conectado,1 = Male,45,0 = No,0 = No,14.285715
934,0 Hogar no motivado,0 Hogar no conectado,1 = Male,50,1 = Yes,1 = Yes,14.285715
936,1 Hogar en grupo motivacion,1 Hogar conectado,1 = Male,46,1 = Yes,1 = Yes,14.285715
937,1 Hogar en grupo motivacion,1 Hogar conectado,1 = Male,47,1 = Yes,1 = Yes,71.428574
938,1 Hogar en grupo motivacion,0 Hogar no conectado,2 = Female,81,0 = No,0 = No,
939,1 Hogar en grupo motivacion,1 Hogar conectado,1 = Male,51,0 = No,0 = No,
940,0 Hogar no motivado,0 Hogar no conectado,1 = Male,61,1 = Yes,1 = Yes,
941,0 Hogar no motivado,0 Hogar no conectado,2 = Female,51,0 = No,0 = No,
942,1 Hogar en grupo motivacion,0 Hogar no conectado,1 = Male,65,1 = Yes,0 = No,85.714287
943,0 Hogar no motivado,0 Hogar no conectado,1 = Male,46,1 = Yes,1 = Yes,85.714287
945,1 Hogar en grupo motivacion,1 Hogar conectado,2 = Female,53,1 = Yes,1 = Yes,
947,1 Hogar en grupo motivacion,0 Hogar no conectado,1 = Male,34,1 = Yes,1 = Yes,85.714287
948,0 Hogar no motivado,0 Hogar no conectado,1 = Male,54,1 = Yes,1 = Yes,71.428574
949,0 Hogar no motivado,0 Hogar no conectado,1 = Male,45,1 = Yes,1 = Yes,28.57143
950,1 Hogar en grupo motivacion,1 Hogar conectado,1 = Male,46,0 = No,0 = No,85.714287
951,0 Hogar no motivado,0 Hogar no conectado,1 = Male,55,1 = Yes,1 = Yes,85.714287
952,0 Hogar no motivado,0 Hogar no conectado,1 = Male,60,1 = Yes,1 = Yes,
953,0 Hogar no motivado,0 Hogar no conectado,2 = Female,40,0 = No,0 = No,85.714287
954,1 Hogar en grupo motivacion,1 Hogar conectado,1 = Male,57,1 = Yes,1 = Yes,
955,1 Hogar en grupo motivacion,0 Hogar no conectado,1 = Male,33,0 = No,0 = No,42.857143
956,0 Hogar no motivado,0 Hogar no conectado,2 = Female,50,0 = No,0 = No,
957,0 Hogar no motivado,0 Hogar no conectado,1 = Male,59,1 = Yes,1 = Yes,
958,1 Hogar en grupo motivacion,1 Hogar conectado,1 = Male,25,1 = Yes,1 = Yes,
961,0 Hogar no motivado,0 Hogar no conectado,1 = Male,63,0 = No,0 = No,
962,1 Hogar en grupo motivacion,1 Hogar conectado,1 = Male,69,0 = No,0 = No,57.14286
964,0 Hogar no motivado,0 Hogar no conectado,2 = Female,59,,,
966,1 Hogar en grupo motivacion,1 Hogar conectado,1 = Male,41,1 = Yes,1 = Yes,85.714287
967,0 Hogar no motivado,0 Hogar no conectado,1 = Male,45,0 = No,0 = No,
969,1 Hogar en grupo motivacion,1 Hogar conectado,1 = Male,45,1 = Yes,1 = Yes,57.14286
970,0 Hogar no motivado,0 Hogar no conectado,1 = Male,49,1 = Yes,1 = Yes,71.428574
972,1 Hogar en grupo motivacion,1 Hogar conectado,1 = Male,56,1 = Yes,1 = Yes,85.714287
974,0 Hogar no motivado,0 Hogar no conectado,1 = Male,39,1 = Yes,1 = Yes,14.285715
975,0 Hogar no motivado,0 Hogar no conectado,1 = Male,34,1 = Yes,1 = Yes,28.57143
976,1 Hogar en grupo motivacion,0 Hogar no conectado,1 = Male,56,1 = Yes,1 = Yes,
979,0 Hogar no motivado,0 Hogar no conectado,1 = Male,51,1 = Yes,1 = Yes,57.14286
980,1 Hogar en grupo motivacion,1 Hogar conectado,1 = Male,49,1 = Yes,1 = Yes,
981,0 Hogar no motivado,0 Hogar no conectado,1 = Male,52,1 = Yes,1 = Yes,
982,0 Hogar no motivado,0 Hogar no conectado,1 = Male,37,1 = Yes,1 = Yes,
983,0 Hogar no motivado,0 Hogar no conectado,2 = Female,73,0 = No,0 = No,
984,1 Hogar en grupo motivacion,1 Hogar conectado,2 = Female,40,0 = No,0 = No,
986,0 Hogar no motivado,0 Hogar no conectado,1 = Male,68,1 = Yes,1 = Yes,
987,0 Hogar no motivado,0 Hogar no conectado,2 = Female,76,0 = No,0 = No,
988,1 Hogar en grupo motivacion,1 Hogar conectado,2 = Female,61,0 = No,0 = No,71.428574
989,0 Hogar no motivado,0 Hogar no conectado,2 = Female,52,0 = No,0 = No,
990,0 Hogar no motivado,0 Hogar no conectado,1 = Male,28,0 = No,0 = No,
991,1 Hogar en grupo motivacion,1 Hogar conectado,1 = Male,56,0 = No,0 = No,57.14286
993,0 Hogar no motivado,0 Hogar no conectado,1 = Male,53,0 = No,0 = No,
995,1 Hogar en grupo motivacion,0 Hogar no conectado,1 = Male,43,0 = No,0 = No,
996,0 Hogar no motivado,0 Hogar no conectado,1 = Male,61,1 = Yes,1 = Yes,
997,1 Hogar en grupo motivacion,1 Hogar conectado,1 = Male,74,1 = Yes,1 = Yes,
998,0 Hogar no motivado,0 Hogar no conectado,2 = Female,61,0 = No,0 = No,71.428574
999,1 Hogar en grupo motivacion,1 Hogar conectado,2 = Female,56,0 = No,0 = No,
1000,1 Hogar en grupo motivacion,1 Hogar conectado,1 = Male,31,1 = Yes,1 = Yes,
1002,0 Hogar no motivado,0 Hogar no conectado,1 = Male,55,0 = No,0 = No,
1003,1 Hogar en grupo motivacion,1 Hogar conectado,1 = Male,47,1 = Yes,1 = Yes,
1004,0 Hogar no motivado,0 Hogar no conectado,2 = Female,68,0 = No,0 = No,
1006,1 Hogar en grupo motivacion,0 Hogar no conectado,2 = Female,60,0 = No,0 = No,
1007,0 Hogar no motivado,0 Hogar no conectado,1 = Male,56,0 = No,0 = No,57.14286
1008,1 Hogar en grupo motivacion,0 Hogar no conectado,1 = Male,84,0 = No,0 = No,
1009,0 Hogar no motivado,0 Hogar no conectado,1 = Male,66,0 = No,0 = No,
1010,0 Hogar no motivado,0 Hogar no conectado,1 = Male,39,1 = Yes,1 = Yes,85.714287
1011,0 Hogar no motivado,0 Hogar no conectado,2 = Female,27,0 = No,0 = No,
1012,1 Hogar en grupo motivacion,1 Hogar conectado,2 = Female,41,0 = No,0 = No,42.857143
1013,0 Hogar no motivado,0 Hogar no conectado,2 = Female,56,0 = No,0 = No,71.428574
1014,0 Hogar no motivado,1 Hogar conectado,1 = Male,36,1 = Yes,1 = Yes,14.285715
1015,0 Hogar no motivado,0 Hogar no conectado,1 = Male,42,1 = Yes,1 = Yes,
1016,1 Hogar en grupo motivacion,0 Hogar no conectado,2 = Female,71,0 = No,0 = No,
1017,1 Hogar en grupo motivacion,1 Hogar conectado,2 = Female,66,0 = No,0 = No,
1018,1 Hogar en grupo motivacion,1 Hogar conectado,1 = Male,51,1 = Yes,1 = Yes,85.714287
1019,0 Hogar no motivado,0 Hogar no conectado,1 = Male,51,1 = Yes,1 = Yes,85.714287
1020,0 Hogar no motivado,0 Hogar no conectado,1 = Male,51,1 = Yes,1 = Yes,
1021,0 Hogar no motivado,0 Hogar no conectado,1 = Male,30,1 = Yes,1 = Yes,
1022,0 Hogar no motivado,0 Hogar no conectado,1 = Male,45,1 = Yes,1 = Yes,42.857143
1024,0 Hogar no motivado,1 Hogar conectado,1 = Male,48,1 = Yes,1 = Yes,
1025,0 Hogar no motivado,1 Hogar conectado,1 = Male,39,0 = No,0 = No,14.285715
1026,1 Hogar en grupo motivacion,1 Hogar conectado,1 = Male,47,1 = Yes,1 = Yes,
1027,0 Hogar no motivado,0 Hogar no conectado,1 = Male,66,0 = No,0 = No,
1028,0 Hogar no motivado,0 Hogar no conectado,1 = Male,31,1 = Yes,1 = Yes,
1029,1 Hogar en grupo motivacion,1 Hogar conectado,1 = Male,45,0 = No,0 = No,
1030,1 Hogar en grupo motivacion,1 Hogar conectado,1 = Male,30,1 = Yes,1 = Yes,
1031,1 Hogar en grupo motivacion,1 Hogar conectado,1 = Male,37,1 = Yes,1 = Yes,14.285715
1033,0 Hogar no motivado,0 Hogar no conectado,1 = Male,52,1 = Yes,1 = Yes,
1034,0 Hogar no motivado,0 Hogar no conectado,2 = Female,66,0 = No,0 = No,
1035,1 Hogar en grupo motivacion,0 Hogar no conectado,1 = Male,63,1 = Yes,1 = Yes,28.57143
